id,nomor_peraturan,judul,tahun,no,keywords
185-pmk.06-2009,185/PMK.06/2009,Penilaian Aset Bekas Milik Asing/Cina dan Benda Cagar Budaya,2009,185,"['Aset Bekas Milik Asing dan Bekas Milik Cina', 'Benda Cagar Budaya', 'Menteri', 'Direktorat Jenderal', 'Direktur Jenderal', 'Kantor Pelayanan', 'Penilaian', 'Penilai', 'Penilai Internal di Lingkungan Direktorat Jenderal Kekayaan Negara', 'Pemohon Penilaian', 'Nilai Pasar', 'Lelang', 'Basis Data', 'Umum', 'PERMOHONAN PENILAIAN', 'BASIS DATA PENILAIAN', 'Peraturan Menteri Keuangan ini mulai berlaku pada tanggal diundangkan', 'Objek Penilaian', 'Tujuan Penilaian', 'Kewenangan Penilaian', 'Pembentukan Tim Penilai Internal', 'Pemohon Penilaian', 'Persyaratan Permohonan Penilaian', 'Proses Penilaian oleh Tim Penilai Direktorat Jenderal', 'Proses Penilaian meliputi', 'Berdasarkan permohonan Penilaian, Kepala Kantor Pelayanan menugaskan Tim Penilai Direktorat Jenderal dari Kantor Pelayanan untuk melakukan identifikasi permohonan Penilaian, dengan cara melakukan verifikasi atas', 'Penentuan Tujuan Penilaian', 'Tim Penilai Direktorat Jenderal dari Kantor Pelayanan menentukan tujuan Penilaian berdasarkan permohonan Penilaian dan ketentuan', 'Pengumpulan Data Awal', 'Survei Lapangan', 'Kesimpulan Nilai', 'Laporan Penilaian']"
25-pmk.01-2014,25/PMK.01/2014,Akuntan Beregister Negara,2014,25,"['Akuntan', 'Kantor Jasa Akuntansi', 'Register Negara Akuntan', 'Asosiasi Profesi Akuntan', 'Rekan', 'Menteri', 'Pusat Pembinaan Akuntan dan Jasa Penilai', 'REGISTER NEGARA AKUNTAN', 'KANTOR JASA AKUNTANSI', 'PEMBINAAN', 'PANITIA AHLI', 'ASOSIASI PROFESI AKUNTAN', 'TATA CARA PEMBERIAN SANKSI ADMINISTRATIF', 'LAPORAN', 'Umum', 'Pendidikan Profesi Akuntansi', 'Ujian Sertifikasi Akuntan Profesional', 'Pengalaman di Bidang Akuntansi', 'Tata Cara Pengajuan Permohonan', 'Warga Negara Asing', 'Kewajiban Akuntan dan Kantor Jasa Akuntansi', 'Pendidikan Profesional Berkelanjutan']"
176-pmk.05-2017,176/PMK.05/2017,Pedoman Remunerasi Badan Layanan Umum,2017,176,"['Badan Layanan Umum', 'Pejabat Pengelola BLU', 'Pemimpin BLU', 'Pejabat Keuangan BLU', 'Pejabat Teknis BLU', 'Dewan Pengawas BLU', 'Sekretaris Dewan Pengawas BLU', 'Pegawai BLU', 'Pegawai Negeri Sipil', 'Gaji', 'Honorarium', 'Tunjangan Tetap', 'Insentif', 'PRINSIP', 'KOMPONEN REMUNERASI', 'PENGUSULAN DAN PENETAPAN REMUNERASI', 'MONITORING DAN EVALUASI', 'Umum', 'Gaji', 'Honorarium', 'Tunjangan Tetap', 'Insentif', 'Bonus Atas Prestasi', 'Pesangon', 'Pensiun', 'Lain-Lain', 'Pengusulan Remunerasi', 'Penetapan Remunerasi']"
82-pmk.03-2017,82/PMK.03/2017,Pemberian Pengurangan Pajak Bumi dan Bangunan,2017,82,"['Undang-Undang Ketentuan Umum dan Tata Cara Perpajakan', 'Undang-Undang Pajak Bumi dan Bangunan', 'Pajak Bumi dan Bangunan', 'Objek pajak PBB', 'Pengurangan PBB', 'Surat Pemberitahuan Pajak Terutang', 'Surat Ketetapan Pajak PBB', 'Surat Tagihan Pajak PBB', 'Kantor Pelayanan Pajak', 'Kantor Wilayah Direktorat Jenderal Pajak']"
pp-85-tahun-2013,PP 85 TAHUN 2013,Tata Cara Hubungan Antar Lembaga Badan Penyelenggara Jaminan Sosial,2013,85,"['Badan Penyelenggara Jaminan Sosial', 'Jaminan Sosial', 'Pemerintah Pusat', 'Pemerintah Daerah', 'TATA CARA KERJA SAMA BPJS DENGAN LEMBAGA PEMERINTAH', 'TATA CARA HUBUNGAN KERJA SAMA BPJS DENGAN ORGANISASI ATAU LEMBAGA LAIN DALAM NEGERI DAN LUAR NEGERI', 'KEANGGOTAAN BPJS DALAM ORGANISASI ATAU LEMBAGA INTERNASIONAL', 'Umum', 'Kerja Sama BPJS dengan Organisasi atau Lembaga Lain Dalam Negeri', 'Kerja Sama BPJS dengan Organisasi atau Lembaga Lain Luar Negeri']"
104-pmk.05-2017,104/PMK.05/2017,Pedoman Rekonsiliasi dalam Penyusunan Laporan Keuangan Lingkup Bendahara Umum Negara dan Kementerian Negara/Lembaga,2017,104,"['Rekonsiliasi', 'Bendahara Umum Negara', 'Kuasa Bendahara Umum Negara', 'Laporan Keuangan', 'Berita Acara Rekonsiliasi', 'Surat Pemberitahuan Pengenaan Sanksi', 'Surat Pemberitahuan Pencabutan Pengenaan Sanksi', 'Satuan Kerja', 'Kantor Pelayanan Perbendaharaan Negara', 'Unit Akuntansi dan Pelaporan Keuangan Kuasa Pengguna Anggaran', 'Unit Akuntansi dan Pelaporan Keuangan Kuasa Pengguna Anggaran Bendahara Umum Negara', 'Unit Akuntansi dan Pelaporan Keuangan Kuasa Bendahara Umum Negara Tingkat Daerah', 'RUANG LINGKUP', 'PELAKSANAAN REKONSILIASI', 'SANKSI']"
pp-21-tahun-2008,PP 21 TAHUN 2008,Penyelenggaraan Penanggulangan Bencana,2008,21,"['Bencana', 'Penyelenggaraan penanggulangan bencana', 'Pencegahan bencana', 'Kesiapsiagaan', 'Peringatan dini', 'Mitigasi', 'Risiko bencana', 'Tanggap darurat bencana', 'Korban bencana', 'Rehabilitasi', 'Rekonstruksi', 'Wilayah bencana', 'Masyarakat', 'Pengungsi', 'Kelompok rentan', 'Pemerintah Pusat', 'Pemerintah daerah', 'Badan Nasional Penanggulangan Bencana', 'Badan Penanggulangan Bencana Daerah', 'PRABENCANA', 'TANGGAP DARURAT', 'PASCABENCANA', 'PEMANTAUAN DAN EVALUASI', 'Umum', 'Situasi Tidak Terjadi Bencana', 'Situasi Terdapat Potensi Terjadi Bencana', 'Pengkajian Secara Cepat dan Tepat', 'Penentuan Status Keadaan Darurat Bencana', 'Penyelamatan dan Evakuasi', 'Pemenuhan Kebutuhan Dasar', 'Perlindungan Terhadap Kelompok Rentan', 'Pemulihan Segera Prasarana dan Sarana Vital', 'Rehabilitasi', 'Rekonstruksi', 'Pemantauan', 'Pelaporan', 'Evaluasi', 'Pengerahan Sumber Daya Manusia, Peralatan, dan Logistik', 'Imigrasi, Cukai, dan Karantina', 'Perizinan', 'Pengadaan Barang/Jasa', 'Pengelolaan dan Pertanggungjawaban Uang dan/atau Barang', 'Penyelamatan', 'Komando', 'Perbaikan Lingkungan Daerah Bencana', 'Perbaikan Prasarana dan Sarana Umum', 'Pemberian Bantuan Perbaikan Rumah Masyarakat', 'Pemulihan Sosial Psikologis', 'Pelayanan Kesehatan', 'Rekonsiliasi dan Resolusi Konflik', 'Pemulihan Sosial Ekonomi Budaya', 'Pemulihan Keamanan Dan Ketertiban', 'Pemulihan Fungsi Pemerintahan', 'Pemulihan Fungsi Pelayanan Publik', 'Pembangunan Kembali Prasarana dan Sarana', 'Pembangunan Kembali Sarana Sosial Masyarakat', 'Pembangkitan Kembali Kehidupan Sosial Budaya Masyarakat', 'Penerapan Rancang Bangun', 'Partisipasi dan Peran Serta Lembaga/Organisasi Kemasyarakatan, Dunia Usaha, dan Masyarakat', 'Peningkatan Kondisi Sosial, Ekonomi, dan Budaya', 'Peningkatan Fungsi Pelayanan Publik', 'Peningkatan Pelayanan Utama dalam Masyarakat']"
perpres-67-tahun-2013,PERPRES 67 TAHUN 2013,Koordinasi Intelijen Negara,2013,67,"['Badan Intelijen Negara', 'BIN di daerah', 'Koordinasi Intelijen Negara', 'Komite Intelijen Pusat', 'Komite Intelijen Daerah', 'KEDUDUKAN, TUGAS, DAN WEWENANG', 'PELAKSANA HARIAN KOORDINASI INTELIJEN NEGARA', 'KEANGGOTAAN KOORDINASI INTELIJEN NEGARA', 'MEKANISME KOORDINASI', 'PENDANAAN', 'Kedudukan', 'Tugas', 'Wewenang']"
40-pmk.04-2016,40/PMK.04/2016,Pembayaran Dan/ atau Penyetoran Penerimaan Negara dalam Rangka Kepabeanan dan Cukai Secara Elektronik,2016,40,"['Undang-Undang Kepabeanan', 'Penerimaan Negara Dalam Rangka Kepabeanan Dan Cukai', 'Wajib Bayar', 'Wajib Setor', 'Bendahara Penerimaan', 'Bank Persepsi dan Pos Persepsi', 'Pembayaran', 'Penyetoran', 'Kas Negara', 'Sistem Penerimaan Negara', 'Kode Billing', 'Nomor Transaksi Pos', 'Nomor Transaksi Bank', 'Bukti Penerimaan Negara', 'Nomor Transaksi Penerimaan Negara', 'Kantor Bea dan Cukai', 'Pejabat Bea dan Cukai']"
99-pmk.05-2017,99/PMK.05/2017,Administrasi Pengelolaan Hibah,2017,99,"['Anggaran Pendapatan dan Belanja Negara', 'Kementerian/Lembaga', 'Hibah Pemerintah', 'Daftar Isian Pelaksanaan Anggaran yang selanjutnyadisebut DIPA', 'Pemberi Hibah', 'Bendahara Umum Negara', 'Kuasa Bendahara Umum Negara', 'Pengguna Anggaran', 'Kuasa Pengguna Anggaran', 'Kantor Wilayah Direktorat Jenderal Perbendaharaan', 'Kantor Pelayanan Perbendaharaan Negara', 'Direktorat Jenderal Pengelolaan Pembiayaan dan Risiko', 'Rekening Penampungan Dana Hibah Langsung', 'Surat Perintah Pengesahan Hibah Langsung', 'Surat Pengesahan Hibah Langsung', 'Memo Pencatatan Hibah Langsung Bentuk Barang/Jasa/Surat Berharga', 'Persetujuan Memo Pencatatan Hibah Langsung Bentuk Barang/Jasa/Surat Berharga', 'Surat Perintah Pengesahan Pengembalian Pendapatan Hibah Langsung', 'Surat Pengesahan Pengembalian Pendapatan Langsung', 'Berita Acara Serah Terima', 'Surat Perintah Pengesahan Pendapatan Hibah Langsung Bentuk Barang/Jasa/Surat Berharga', 'Surat Pernyataan Telah Menerima Hibah Langsung', 'RUANG LINGKUP', 'KRITERIA KLASIFIKASI DAN PENARIKAN HIBAH', 'KONSULTASI RENCANA PENERIMAAN HIBAH', 'PERJANJIAN HIBAH', 'TATA CARA PENGESAHAN HIBAH', 'SANKSI', 'PENDAPATAN HIBAH YANG DIGUNAKAN TIDAK SESUAI PERJANJIAN HIBAH', 'Kriteria Hibah', 'Penggunaan Hibah', 'Klasifikasi Hibah', 'Penarikan Hibah', 'Konsultasi', 'Cara Konsultasi', 'Umum', 'Tahapan Pengesahan Pendapatan Hibah Langsung dalam Bentuk Uang', 'Pengesahan dan Pencatatan Pendapatan Hibah dan Belanja yang Bersumber dari Hibah Langsung dalam Bentuk Barang/Jasa/Surat Berharga yang Penarikannya Tidak Melalui Kuasa BUN', 'Penerbitan Nomor Register', 'Pembukaan dan Pengelolaan Rekening Hibah', 'Penyesuaian Estimasi Pendapatan dan Pagu Belanja yang Bersumber dari Hibah dalam DIPA', 'Pengesahan Pendapatan Hibah dan Belanja dalam Bentuk Uang', 'Pengesahan Pengembalian Pendapatan Hibah dalam Bentuk Uang yang Penarikannya Tidak Melalui Kuasa BUN', 'Penandatanganan BAST', 'Pengesahan dan Pencatatan Pendapatan Hibah dan Beban/Aset yang Bersumber dari Hibah Langsung dalam Bentuk Barang/Jasa/Surat Berharga']"
30-pmk.03-2014,30/PMK.03/2014,Pajak Pertambahan Nilai atas Penyerahan Emas Perhiasan,2014,30,"['Undang-Undang Pajak Pertambahan Nilai', 'Pengusaha', 'Pengusaha Kena Pajak', 'Faktur Pajak', 'Pajak Masukan', 'Dasar Pengenaan Pajak', 'Nilai Lain', 'Emas Perhiasan', 'Menghasilkan']"
perpres-7-tahun-2005,PERPRES 7 TAHUN 2005,Rencana Pembangunan Jangka Menengah Nasional Tahun 2004 - 2009,2005,7,"['Rencana Pembangunan Jangka Menengah Nasional Tahun 2004- 2009', 'Rencana Pembangunan Jangka Menengah Kementerian/ Lembaga Tahun 2004-2009', 'Rencana Pembangunan Jangka Menengah Daerah Tahun 2004- 2009', 'Menteri']"
69-pmk.04-2012,69/PMK.04/2012,Pembebasan Bea Masuk dan/atau Cukai atas Impor Barang Kiriman Hadiah/Hibah untuk Kepentingan Penanggulangan Bencana Alam,2012,69,"['Undang-Undang Kepabeanan', 'Badan Nasional Penanggulangan Bencana', 'Badan Penanggulangan Bencana Daerah', 'Bencana Alam', 'Tanggap Darurat Bencana', 'Rehabilitasi', 'Rekonstruksi', 'Logistik', 'Peralatan', 'Kantor Pabean', 'Menteri', 'Direktur Jenderal', 'Pejabat Bea dan Cukai', 'PEMBEBASAN BEA MASUK DAN/ATAU CUKAI', 'PENGELUARAN BARANG IMPOR UNTUK DIPAKAI DENGAN MENGGUNAKAN JAMINAN ( VOORUITSLAG', 'PEMBERITAHUAN PABEAN IMPOR', 'PENYELESAIAN KEWAJIBAN PABEAN', 'PENGAWASAN', 'Barang Kiriman Hadiah/Hibah yang Mendapat Pembebasan Bea Masuk dan/atau Cukai', 'Subjek yang Mendapat Pembebasan Bea Masuk dan/atau Cukai', 'Pengajuan Pembebasan Bea Masuk dan/atau Cukai', 'Jaminan', 'Pengajuan Pengeluaran Barang Impor Untuk Dipakai Dengan Menggunakan Jaminan ( Vooruitslag', 'Pemindahtanganan', 'Pemusnahan', 'Ekspor']"
118-pmk.04-2013,118/PMK.04/2013,Tata Laksana Impor Barang Dari Northern Territory Australia Ke Daerah Pabean Indonesia Selain Pulau Jawa dan Sumatera,2013,118,"['Undang-Undang Kepabeanan', 'Daerah Pabean', 'Daerah Pabean Indonesia Selain Pulau Jawa dan Sumatera', 'Darwin', 'Importir', 'Pejabat Bea dan Cukai', 'Pemeriksaan Pendahuluan', 'Customs Pre-Inspection Report']"
136-pmk.03-2011,136/PMK.03/2011,Pengenaan Pajak Penghasilan untuk Kegiatan Usaha Perbankan Syariah,2011,136,"['Undang-Undang Pajak Penghasilan', 'Perbankan Syariah', 'Simpanan', 'Prinsip Syariah', 'Nasabah Investor', 'Nasabah Penyimpan', 'Nasabah Penerima Fasilitas']"
71-pmk.02-2013,71/PMK.02/2013,"Pedoman Standar Biaya, Standar Struktur Biaya, dan Indeksasi dalam Penyusunan Rencana Kerja dan Anggaran Kementerian Negara/Lembaga",2013,71,"['Rencana Kerja dan Anggaran Kementerian Negara/Lembaga', 'STANDAR BIAYA', 'STANDAR STRUKTUR BIAYA DAN INDEKSASI', 'Umum', 'Standar Biaya Masukan', 'Standar Biaya Keluaran']"
pp-49-tahun-2017,PP 49 TAHUN 2017,Surplus dan Tingkat Likuiditas Lembaga Penjamin Simpanan Serta Pinjaman Dari Pemerintah Kepada Lembaga Penjamin Simpanan,2017,49,"['Lembaga Penjamin Simpanan', 'Cadangan Tujuan', 'Cadangan Penjaminan', 'Anggaran Pendapatan dan Belanja Negara', 'Bank', 'Surat Berharga Negara', 'Penerimaan Negara Bukan Pajak', 'Pemerintah Pusat', 'Menteri Keuangan', 'Ketua Dewan Komisioner Lembaga Penjamin Simpanan', 'SURPLUS LEMBAGA PENJAMIN SIMPANAN', 'TINGKAT LIKUIDITAS LEMBAGA PENJAMIN SIMPANAN', 'PINJAMAN DARI PEMERINTAH KEPADA LEMBAGA PENJAMIN SIMPANAN', 'Permohonan, Penilaian, dan Persetujuan Pemberian Pinjaman', 'Penganggaran', 'Pemberian Pinjaman, Pencairan Pinjaman, dan Pertanggungjawaban Pinjaman', 'Pemberian Pinjaman', 'Pencairan Pinjaman', 'Pertanggungjawaban Pinjaman']"
97-pmk.09-2018,97/PMK.09/2018,Petunjuk Pelaksanaan Pemeriksaan Pelanggaran Disiplin dan Penjatuhan Hukuman Disiplin Pegawai Negeri Sipil di Lingkungan Kementerian Keuangan,2018,97,"['Pegawai Negeri Sipil', 'Pegawai', 'Pemeriksaan Pelanggaran Disiplin', 'Penjatuhan Hukuman Disiplin', 'Tim Pemeriksa', 'Atasan Langsung', 'Pejabat yang Lebih Tinggi', 'Unsur Pengawasan', 'Unsur Kepegawaian', 'Pejabat Lain yang Ditunjuk', 'Pejabat yang Berwenang Menghukum', 'Laporan Kewenangan Penjatuhan Hukuman Disiplin', 'Audit Investigasi', 'Laporan Hasil Audit Investigasi', 'Laporan Hasil Pengumpulan Data dan Informasi', 'Rekomendasi', 'PELAKSANAAN PEMERIKSAAN PELANGGARAN DISIPLIN', 'PELAKSANAAN PENJATUHAN HUKUMAN DISIPLIN', 'PEMANTAUAN, EVALUASI, DAN PENYEDIAAN DATA PENANGANAN PELANGGARAN DISIPLIN', 'Prinsip Dasar Pemeriksaan Pelanggaran Disiplin', 'Tim Pemeriksa', 'Persiapan Pemeriksaan Pelanggaran Disiplin', 'Pelaksanaan Pemanggilan', 'Pelaksanaan Pemeriksaan', 'Pemantauan dan Evaluasi', 'Internal pada Instansi Pusat melakukan pemantauan dan evaluasi terhadap: a. tindak lanjut atas Rekomendasi', 'Komunikasi Hasil Pemantauan dan Evaluasi']"
189-pmk.05-2018,189/PMK.05/2018,Sistem Statistik Keuangan Pemerintah Umum,2018,189,"['Sistem Statistik Keuangan Pemerintah Umum', 'Pemerintah Umum', 'Laporan Statistik Keuangan Pemerintah Umum Tingkat Wilayah', 'Laporan Statistik Keuangan Pemerintah Umum Nasional', 'Kantor Wilayah Direktorat Jenderal Perbendaharaan', 'Direktorat Akuntansi dan Pelaporan Keuangan', 'Sistem Informasi Keuangan Daerah', 'Verifikasi Data dan Informasi Keuangan', 'Direktorat Evaluasi Pengelolaan dan Informasi Keuangan Daerah', 'Rekonsiliasi', 'Bagan Akun Standar', 'Mapping', 'Laporan Keuangan Pemerintah Pusat Tingkat Wilayah', 'Konsolidasi', 'Laporan Keuangan Pemerintah Pusat', 'Laporan Keuangan Pemerintah Daerah Konsolidasian Nasional', 'Laporan Keuangan Pemerintah Daerah Konsolidasian Tingkat Wilayah', 'Laporan Statistik Keuangan Pemerintah Daerah Konsolidasian', 'Laporan Statistik Keuangan Pemerintah Pusat', 'UNIT PENYUSUN LAPORAN', 'SUMBER SERTA JENIS DATA DAN INFORMASI KEUANGAN', 'PELAKSANAAN SISTEM STATISTIK KEUANGAN PEMERINTAH UMUM', 'PERUBAHAN DAN PENYEBARLUASAN LSKPU-TW DAN LSKPU NASIONAL', 'Penyusunan Laporan Statistik Keuangan Pemerintah Umum Tingkat Wilayah', 'Penyusunan Laporan Statistik Keuangan Pemerintah Umum Nasional', 'Kebijakan Konsolidasi Laporan Statistik Keuangan Pemerintah Umum']"
perpres-25-tahun-2012,PERPRES 25 TAHUN 2012,Gugus Tugas Pencegahan dan Penanganan Pornografi,2012,25,"['Gugus Tugas Pencegahan dan Penanganan Pornografi', 'KEDUDUKAN DAN TUGAS', 'ORGANISASI', 'GUGUS TUGAS PROVINSI DAN GUGUS TUGAS KABUPATEN/KOTA', 'TATA KERJA', 'SEKRETARIAT', 'PEMANTAUAN, EVALUASI, DAN PELAPORAN', 'PEMBIAYAAN']"
216-pmk.01-2017,216/PMK.01/2017,Akuntan Beregister,2017,216,"['Akuntan Beregister', 'Akuntan Berpraktik', 'Kantor Jasa Akuntan', 'Asosiasi Profesi Akuntan', 'Asosiasi Profesi Bidang Akuntansi', 'Pendidikan Profesional Berkelanjutan', 'Rekan', 'Menteri', 'Pusat Pembinaan Profesi Keuangan', 'AKUNTAN BEREGISTER', 'UJIAN SERTIFIKASI PROFESI AKUNTANSI', 'AKUNTAN BERPRAKTIK', 'KJA', 'CABANG KJA', 'PEMBINAAN DAN PENGAWASAN', 'ASOSIASI PROFESI AKUNTAN', 'TATA CARA PENGENAAN SANKSI ADMINISTRATIF', 'Tata Cara Permohonan Pendaftaran Akuntan Beregister', 'Akuntan Beregister bagi Warga Negara Asing', 'Sertifikasi dan Keanggotaan Akuntan Beregister', 'Izin Akuntan Berpraktik', 'Pengunduran Diri dan Tidak Berlakunya Izin Akuntan Berpraktik', 'Kewajiban Akuntan Berpraktik', 'Badan Usaha KJA', 'Izin Usaha KJA', 'Kewajiban KJA', 'Kerja Sama KJA', 'Umum', 'PPL']"
pp-33-tahun-2011,PP 33 TAHUN 2011,"Pemberian Gaji/Pensiun/Tunjangan Bulan Ketiga Belas dalam Tahun Anggaran 2011 Kepada Pegawai Negeri, Pejabat Negara, dan Penerima Pensiun/Tunjangan",2011,33,"['Pegawai Negeri', 'Pejabat Negara', 'Penerima pensiun', 'Penerima tunjangan']"
166-pmk.07-2019,166/PMK.07/2019,Dana Alokasi Umum Tambahan Bantuan Pembayaran Selisih Perubahan Luran Jaminan Kesehatan Penduduk yang Didaftarkan oleh Pemerintah Daerah,2019,166,"['Anggaran Pendapatan dan Belanja Negara', 'Anggaran Pendapatan dan Belanja Daerah', 'Transfer ke Daerah dan Dana Desa', 'Pemerintah Daerah', 'Jaminan Kesehatan', 'Iuran Jaminan Kesehatan', 'Badan Penyelenggara Jaminan Sosial Kesehatan', 'Dana Alokasi Umum Tambahan Bantuan Selisih Perubahan Iuran Penduduk yang Didaftarkan oleh Pemerintah Daerah', 'Dana Hasil Pemotongan DAU Tambahan Bantuan Selisih Perubahan Iuran', 'Kuasa Pengguna Anggaran Bendahara Umum Negara', 'Pejabat Pembuat Komitmen', 'Pejabat Penandatangan Surat Perintah Membayar', 'Daftar Isian Pelaksanaan Anggaran Bendahara Umum Negara', 'Surat Permintaan Pembayaran', 'Surat Perintah Membayar', 'Surat Perintah Pencairan Dana', 'PENGALOKASIAN DAU TAMBAHAN BANTUAN SELISIH PERUBAHAN IURAN', 'PENYALURAN DAU TAMBAHAN BANTUAN SELISIH PERUBAHAN IURAN', 'PEMOTONGAN ATAS PENYALURAN DAU TAMBAHAN BANTUAN SELISIH PERUBAHAN IURAN DAN PENYETORAN DHP DAU TAMBAHAN BANTUAN SELISIH PERUBAHAN IURAN', 'PENGGUNAAN CADANGAN PERUBAHAN JUMLAH KEPESERTAAN', 'PENATAUSAHAAN, AKUNTANSI, DAN PELAPORAN']"
46-pmk.07-2020,46/PMK.07/2020,Pengelolaan Hibah Dari Pemerintah Pusat Kepada Pemerintah Daerah dalam Rangka Penanganan Pandemi Corona Virus Disease 2019( Covid-19) dan Dampak Akibat Pandemi Corona Virus Disease 2019 (Covid-19,2020,46,"['Pemerintah Pusat', 'Pemerintah Daerah', 'Anggaran Pendapatan dan Belanja Negara', 'Anggaran Pendapatan dan Belanja Daerah', 'Hibah dari Pemerintah kepada Pemerintah Daerah', 'Hibah Penanganan Pandemi COVID -19', 'Bagian Anggaran Bendahara Umum Negara', 'Pengguna Anggaran Bendahara Umum Negara', 'Pembantu Pengguna Anggaran Bendahara Umum Negara Pengelolaan Hibah Daerah', 'Kuasa Pengguna Anggaran Bendahara Umum Negara Pengelolaan Hibah Daerah', 'Kuasa Pengguna Anggaran Bendahara Umum Negara Penyaluran Hibah Daerah', 'Kementerian Teknis ( Executing Agency', 'Surat Penetapan Pemberian Hibah', 'Daftar Isian Pelaksanaan Anggaran Bendahara Umum Negara', 'Perjanjian Hibah Daerah', 'Rencana Kerja dan Anggaran Bendahara Umum Negara', 'Rencana Dana Pengeluaran Bendahara Umum Negara', 'Rekening Kas Umum Negara', 'Rekening Kas Umum Daerah', 'Rencana Kegiatan dan Anggaran', 'Surat Pernyataan Tanggung Jawab Mutlak', 'BENTUK DAN SUMBER HIBAH', 'PPA BUN DAN KPA BUN', 'PENGANGGARAN DAN PENGALOKASIAN', 'SPPH DAN PHD', 'PENYALURAN', 'PEMANTAUAN DAN EVALUASI', 'Penganggaran Hibah Penanganan Pandemi COVID -19', 'Alokasi Hibah Penanganan Pandemi COVID -dan Penghitungan Alokasi per Daerah']"
perpres-46-tahun-2013,PERPRES 46 TAHUN 2013,Badan Tenaga Nuklir Nasional,2013,46,"['Badan Tenaga Nuklir Nasional merupakan Badan Pelaksana', 'KEDUDUKAN, TUGAS, DAN FUNGSI', 'ORGANISASI', 'TATA KERJA', 'ESELON, PENGANGKATAN, DAN PEMBERHENTIAN', 'PENDANAAN', 'Susunan Organisasi', 'Kepala', 'Sekretariat Utama', 'Deputi Bidang Sains dan Aplikasi Teknologi Nuklir', 'Deputi Bidang Teknologi Energi Nuklir', 'Deputi Bidang Pendayagunaan Teknologi Nuklir', 'Unsur Pengawas', 'Unsur Pendukung', 'Unit Jaminan Mutu dan Unit Pengamanan Nuklir', 'Unit Pelaksana Teknis', 'Jabatan Fungsional']"
266-pmk.05-2014,266/PMK.05/2014,Sistem Akuntansi dan Pelaporan Keuangan Transaksi Khusus,2014,266,"['Sistem Akuntansi dan Pelaporan Keuangan Transaksi Khusus', 'Penerimaan Negara Bukan Pajak', 'Kontraktor Kontrak Kerja Sama', 'Kontraktor Perjanjian Kerja Sama/Karya Pengusahaan Pertambangan Batubara', 'Barang Milik Negara', 'Barang Milik Negara yang tidak digunakan untuk menyelenggarakan tugas dan fungsi Kementerian Negara/Lembaga', 'Bantuan Likuiditas Bank Indonesia', 'Unit Akuntansi dan Pelaporan Keuangan Kuasa Pengguna Anggaran Bendahara Umum Negara Transaksi Khusus', 'Unit Akuntansi dan Pelaporan Keuangan Koordinator Kuasa Pengguna Anggaran Bendahara Umum Negara Transaksi Khusus', 'Unit Akuntansi dan Pelaporan Keuangan Pembantu Bendahara Umum Negara Transaksi Khusus', 'Unit Akuntansi dan Pelaporan Keuangan Koordinator Pembantu Bendahara Umum Negara Transaksi Khusus', 'Unit Akuntansi dan Pelaporan Keuangan Kuasa Pengelola Barang Bendahara Umum Negara', 'Direktorat Jenderal Perbendaharaan', 'Badan Kebijakan Fiskal', 'Direktorat Jenderal Anggaran', 'Direktorat Jenderal Kekayaan Negara', 'Direktorat Jenderal Perimbangan Keuangan', 'Pajak Rokok', 'Barang yang menjadi milik/kekayaan negara yang berasal dari Kontraktor Kontrak Kerja Sama', 'Barang yang menjadi milik/kekayaan negara yang berasal dari Kontraktor Perjanjian Kerjasama/Karya Pengusahaan Pertambangan Batubara', 'Dokumen Sumber', 'Buku Besar Kas', 'Buku Besar Akrual', 'Laporan Keuangan', 'Laporan Realisasi Anggaran', 'Laporan Operasional', 'Laporan Perubahan Ekuitas', 'Neraca', 'Catatan atas Laporan Keuangan', 'Kuasa Pengguna Anggaran', 'Kuasa Pengguna Barang', 'Rekonsiliasi', 'Reviu', 'Aset Bekas Milik Asing/China', 'PT Perusahaan Pengelola Aset (Persero', 'Aset Eks Kelolaan PT PPA', 'Aset yang Diserahkelolakan kepada PT PPA', 'Aset Eks Pertamina', 'Selisih kurs', 'UNIT AKUNTANSI DAN PELAPORAN KEUANGAN', 'AKUNTANSI DAN PELAPORAN KEUANGAN', 'PERNYATAAN TANGGUNG JAWAB', 'MODUL SATK', 'PERNYATAAN TELAH DIREVIU', 'Laporan Keuangan, dilakukan reviu atas laporan keuangan tingkat UAKPA BUN TK, UAKKPA BUN TK, UAP BUN TK, dan UAKP BUN TK. (2) Reviu', 'Definisi', 'Ruang Lingkup', 'Unit Akuntansi dan Pelaporan Keuangan Transaksi Khusus', 'Tingkat UAKPA BUN TK', 'Tingkat UAKKPA BUN TK', 'Tingkat UAPBUN TK', 'Tingkat UAKP BUN TK', 'Pernyataan Tanggung Jawab', 'Penandatangan Pernyataan Tanggung Jawab']"
179-pmk.06-2009,179/PMK.06/2009,Penilaian Barang Milik Negara,2009,179,"['Barang Milik Negara', 'Pemanfaatan', 'Pemindahtanganan', 'Penilaian', 'Pengelola Barang', 'Pengguna Barang', 'Kuasa Pengguna Barang', 'Pemohon', 'Menteri', 'Direktorat Jenderal', 'Direktur Jenderal', 'Kantor Pusat', 'Kantor Wilayah', 'Kantor Pelayanan', 'Penilai', 'Penilai Internal di Lingkungan Direktorat Jenderal Kekayaan Negara, selanjutnya disebut Penilai Direktorat Jenderal', 'Penilai Eksternal', 'Nilai Buku', 'Surat Berharga Syariah Negara, selanjutnya disebut SBSN', 'Basis Data', 'RUANG LINGKUP', 'TIM PENILAI DIREKTORAT JENDERAL', 'PELAKSANAAN PENILAIAN', 'BASIS DATA PENILAIAN', 'Umum', 'Objek Penilaian', 'Tujuan Penilaian', 'Permohonan Penilaian', 'Pembentukan Tim Penilai Direktorat Jenderal', 'Pembagian Kewenangan Tim Penilai Direktorat Jenderal', 'Bantuan Penilaian', 'Penggunaan Penilai Eksternal', 'Proses Penilaian', 'Kaji Ulang Laporan Penilaian', 'Standar Penilaian', 'Identifikasi Permohonan/Penugasan Penilaian', 'Penentuan Tujuan Penilaian', 'Pengumpulan Data Awal', 'Survei Lapangan', 'Analisis Data', 'Penentuan Pendekatan Penilaian', 'Simpulan Nilai', 'Laporan Penilaian']"
pp-37-tahun-2009,PP 37 TAHUN 2009,Dosen,2009,37,"['Dosen Tetap', 'Satuan Pendidikan Tinggi', 'Sertifikasi', 'Sertifikat Pendidik', 'Gaji', 'Perguruan Tinggi', 'Satuan Kredit Semester', 'Perjanjian Kerja atau Kesepakatan Kerja Bersama', 'Pemerintah Daerah', 'Masyarakat', 'Daerah Khusus', 'Departemen', 'Menteri', 'SERTIFIKASI', 'HAK', 'WAJIB KERJA DAN IKATAN DINAS', 'PENGANGKATAN, PENEMPATAN, DAN PEMINDAHAN', 'SANKSI', 'Tunjangan Profesi', 'Tunjangan Khusus', 'Tunjangan Kehormatan', 'Kesetaraan Tunjangan', 'Maslahat Tambahan', 'Promosi', 'Penghargaan', 'Perlindungan dalam Melaksanakan Tugas dan Hak atas Kekayaan Intelektual', 'Peningkatan Kompetensi, Akses Sumber Belajar, Informasi, Sarana dan Prasarana Pembelajaran, serta Penelitian dan Pengabdian kepada Masyarakat', 'Kebebasan Akademik, Kebebasan Mimbar Akademik, dan Otonomi Keilmuan', 'Pemberian Penilaian dan Penentuan Kelulusan Mahasiswa', 'Kebebasan untuk Berserikat dalam Organisasi Profesi', 'Cuti']"
pp-79-tahun-2014,PP 79 TAHUN 2014,Kebijakan Energi Nasional,2014,79,"['Energi', 'Sumber Energi', 'Sumber Daya Energi', 'Sumber Energi Baru', 'Energi Baru', 'Sumber Energi Terbarukan', 'Energi Terbarukan', 'Pengelolaan Energi', 'Kemandirian Energi', 'Ketahanan Energi', 'Konservasi Energi', 'Konservasi Sumber Daya Energi', 'Lingkungan Hidup', 'Kemandirian Pengelolaan Energi', 'Pemanfaatan Energi', 'Industri Energi', 'Penyediaan Energi', 'Energi Primer', 'Energi Final', 'Elastisitas Energi', 'Intensitas Energi', 'Cadangan Energi', 'Cadangan Strategis', 'Cadangan Penyangga Energi', 'Diversifikasi Energi', 'Rasio Elektrifikasi', 'Badan Usaha', 'Pemerintah Pusat, selanjutnya disebut Pemerintah', 'Pemerintah Daerah', 'Dewan Energi Nasional', 'Rasio Penggunaan Gas Rumah Tangga', 'TUJUAN DAN SASARAN', 'ARAH KEBIJAKAN ENERGI NASIONAL', 'PENGAWASAN', 'Tujuan', 'Sasaran', 'Kebijakan Utama', 'Kebijakan Pendukung', 'Ketersediaan Energi untuk Kebutuhan Nasional', 'Prioritas Pengembangan Energi', 'Pemanfaatan Sumber Daya Energi Nasional', 'Cadangan Energi Nasional', 'Konservasi Energi, Konservasi Sumber Daya Energi, dan Diversifikasi Energi', 'Lingkungan Hidup dan Keselamatan Kerja', 'Harga, Subsidi, dan Insentif Energi', 'Infrastruktur, Akses untuk Masyarakat, dan Industri Energi', 'Penelitian, Pengembangan, dan Penerapan Teknologi Energi', 'Kelembagaan dan Pendanaan']"
83-pmk.05-2018,83/PMK.05/2018,Sistem Akuntansi dan Pelaporan Keuangan Transfer Ke Daerah dan Dana Desa,2018,83,"['Sistem Akuntansi dan Pelaporan Keuangan Transfer ke Daerah dan Dana Desa', 'Transfer ke Daerah dan Dana Desa', 'Bendahara Umum Negara', 'Bagian Anggaran BUN', 'Unit Akuntansi dan Pelaporan Keuangan Kuasa Pengguna Anggaran BUN', 'Unit Akuntansi dan Pelaporan Keuangan Koordinator Kuasa Pengguna Anggaran BUN Penyaluran Transfer Dana Alokasi Khusus Fisik dan Dana Desa', 'Unit Akuntansi dan Pelaporan Keuangan Pembantu BUN', 'Unit Akuntansi dan Pelaporan Keuangan BUN', 'Laporan Realisasi Anggaran', 'Neraca', 'Laporan Operasional', 'Laporan Perubahan Ekuitas', 'Catatan atas Laporan Keuangan', 'Reviu', 'Rekonsiliasi', 'UNIT AKUNTANSI DAN PELAPORAN KEUANGAN TRANSFER KE DAERAH DAN DANA DESA', 'AKUNTANSI DAN PELAPORAN KEUANGAN Bagian Pertama Akuntansi dan Pelaporan Keuangan pada UAKPA BUN', 'PERNYATAAN TANGGUNG JAWAB', 'MODUL SISTEM AKUNTANSI DAN PELAPORAN KEUANGAN TRANSFER KE DAERAH DAN DANA DESA', 'PERNYATAAN TELAH DIREVIU', 'Akuntansi dan Pelaporan Keuangan pada UAKKPA BUN', 'Akuntansi dan Pelaporan Keuangan pada UAPBUN']"
226-pmk.04-2014,226/PMK.04/2014,"Penimbunan, Pemasukan, Pengeluaran, dan Pengangkutan Barang Kena Cukai",2014,226,"['Undang-Undang Cukai', 'Tempat Penimbunan Sementara', 'Tempat Penimbunan Berikat', 'Kawasan Pabean', 'Pabrik', 'Orang', 'Pengusaha Pabrik', 'Tempat Penyimpanan', 'Pengusaha Tempat Penyimpanan', 'Kantor Direktorat Jenderal Bea dan Cukai', 'Direktur Jenderal', 'Dokumen Cukai', 'PENIMBUNAN BARANG KENA CUKAI', 'PEMASUKAN, PENGELUARAN, DAN PENGANGKUTAN BARANG KENA CUKAI', 'PENUTUP']"
pp-47-tahun-2019,PP 47 TAHUN 2019,Pemberdayaan Lembaga Jasa Keuangan dan Pelaksanaan Kemudahan dan/atau Bantuan Pembiayaan dalam Sistem Pembiayaan Perumahan dan Kawasan Permukiman,2019,47,"['Pemberdayaan Lembaga Jasa Keuangan', 'Lembaga Jasa Keuangan', 'Pembiayaan Perumahan dan Kawasan Permukiman', 'Sistem Pembiayaan Perumahan dan Kawasan Permukiman', 'Dana Murah Jangka Panjang', 'Lembaga Penerbit Kredit/Pembiayaan Pelaksana', 'Rumah Umum', 'Rumah Swadaya', 'Masyarakat Berpenghasilan Rendah', 'Pemerintah Pusat', 'Pemerintah Daerah', 'Menteri', 'PEMBERDAYAAN LEMBAGA JASA KEUANGAN DALAM SISTEM PEMBIAYAAN PKP SERTA TATA CARA PENGERAHAN DAN PEMUPUKAN DANA', 'PELAKSANAAN PEMBERIAN KEMUDAHAN DAN/ATAU BANTUAN PEMBIAYAAN', 'Umum', 'Rumah Umum', 'Rumah Swadaya', 'Pengendalian Kemudahan dan/atau Bantuan Pembiayaan', 'Skema Pembiayaan', 'Penjaminan atau Asuransi', 'Dana Murah Jangka Panjang']"
266-pmk.07-2015,266/PMK.07/2015,Pemeringkatan Kesehatan Fiskal dan Pengelolaan Keuangan Daerah,2015,266,"['Pemerintah Daerah', 'Anggaran Pendapatan dan Belanja Daerah', 'Pemeringkatan Kesehatan Fiskal dan Pengelolaan Keuangan Daerah', 'Dana Insentif Daerah', 'Nilai Variabel Indikator', 'Nilai Indikator', 'Nilai Daerah', 'TUJUAN PEMERINGKATAN KESEHATAN FISKAL DAN PENGELOLAAN KEUANGAN DAERAH', 'PRINSIP DASAR DAN ASAS PEMERINGKATAN KESEHATAN FISKAL DAN PENGELOLAAN KEUANGAN DAERAH', 'PELAKSANAAN PEMERINGKATAN KESEHATAN FISKAL DAN PENGELOLAAN KEUANGAN DAERAH', 'Metodologi Pemeringkatan Kesehatan Fiskal dan Pengelolaan Keuangan Daerah', 'Prosedur Pemeringkatan Kesehatan Fiskal dan Pengelolaan Keuangan Daerah', 'Periode dan Sumber Data']"
pp-47-tahun-2014,PP 47 TAHUN 2014,Pengendalian dan Penanggulangan Penyakit Hewan,2014,47,"['Penyakit Hewan', 'Wabah', 'Penyakit Hewan Menular Strategis', 'Penyakit Hewan Eksotik', 'Hewan', 'Satwa Liar', 'Peternak', 'Perusahaan Peternakan', 'Laboratorium Veteriner', 'Dokter Hewan', 'Dokter Hewan Berwenang', 'Obat Hewan', 'Wilayah', 'Otoritas Veteriner', 'Pemerintah Daerah', 'Kementerian', 'Menteri', 'PENGAMATAN DAN PENGIDENTIFIKASIAN PENYAKIT HEWAN', 'PENCEGAHAN PENYAKIT HEWAN', 'PENGAMANAN PENYAKIT HEWAN', 'PEMBERANTASAN PENYAKIT HEWAN', 'PENGOBATAN HEWAN', 'PERSYARATAN TEKNIS KESEHATAN HEWAN', 'SISTEM INFORMASI', 'Umum', 'Surveilans', 'Penyidikan', 'Pemeriksaan dan Pengujian', 'Peringatan Dini', 'Pelaporan', 'Penetapan Penyakit Hewan Menular Strategis', 'Penetapan Kawasan Pengamanan Penyakit Hewan Menular Strategis', 'Penerapan Prosedur Biosafety dan Biosecurity', 'Pengebalan Hewan', 'Pengawasan Lalu Lintas Hewan, Produk Hewan, dan Media Pembawa Penyakit Hewan Lainnya di Luar Wilayah Kerja Karantina', 'Kesiagaan Darurat Veteriner', 'Penerapan Kewaspadaan Dini', 'Penutupan Wilayah', 'Pembatasan Lalu Lintas Hewan Rentan, Produk Hewan, dan Media Pembawa Penyakit Hewan Lainnya yang Berisiko Tinggi', 'Pengisolasian Hewan Sakit atau Terduga Sakit', 'Penanganan Hewan Sakit', 'Pemusnahan Bangkai Hewan', 'Pengeradikasian Penyakit Hewan', 'Pendepopulasian Hewan', 'Persyaratan Teknis Kesehatan Hewan untuk Pemasukan Hewan, Produk Hewan Nonpangan, dan Media Pembawa Penyakit Hewan Lainnya ke Dalam Wilayah Negara Kesatuan Republik Indonesia', 'Persyaratan Teknis Kesehatan Hewan untuk Pengeluaran Hewan, Produk Hewan Nonpangan, dan Media Pembawa Penyakit Hewan Lainnya dari Wilayah Negara Kesatuan Republik Indonesia', 'Persyaratan Teknis Kesehatan Hewan untuk Lalu Lintas Hewan, Produk Hewan Nonpangan, dan Media Pembawa Penyakit Hewan Lainnya dari Satu Pulau ke Pulau Lain di dalam wilayah Negara Kesatuan Republik Indonesia dan Lalu Lintas Antarwilayah dalam Satu Pulau']"
pp-48-tahun-2013,PP 48 TAHUN 2013,"Pemberian Gaji/Pensiun/Tunjangan Bulan Ketiga Belas dalam Tahun Anggaran 2013 Kepada Pegawai Negeri, Pejabat Negara, dan Penerima Pensiun/Tunjangan",2013,48,"['Pegawai Negeri', 'Pejabat Negara', 'Penerima pensiun', 'Penerima tunjangan']"
pp-81-tahun-2012,PP 81 TAHUN 2012,Pengelolaan Sampah Rumah Tangga dan Sampah Sejenis Sampah Rumah Tangga,2012,81,"['Sampah rumah tangga', 'Sampah sejenis sampah rumah tangga', 'Pengelolaan sampah', 'Sumber sampah', 'Produsen', 'Tempat penampungan sementara', 'Tempat pengolahan sampah dengan prinsip 3R ( reduce, reuse, recycle', 'Tempat pengolahan sampah terpadu', 'Tempat pemrosesan akhir', 'Orang', 'Pemerintah pusat', 'Pemerintah daerah', 'KEBIJAKAN DAN STRATEGI PENGELOLAAN SAMPAH', 'PENYELENGGARAAN PENGELOLAAN SAMPAH', 'KOMPENSASI', 'PENGEMBANGAN DAN PENERAPAN TEKNOLOGI', 'SISTEM INFORMASI', 'PERAN MASYARAKAT', 'PEMBINAAN', 'Umum', 'Pengurangan Sampah', 'Penanganan Sampah']"
90-pmk.05-2009,90/PMK.05/2009,Pengelolaan Uang Negara di Bank Indonesia,2009,90,"['Bendahara Umum Negara', 'Menteri Keuangan', 'Kuasa BUN', 'Kuasa BUN Pusat', 'Uang Negara', 'Pengelolaan Uang', 'Rekening Kas Umum Negara', 'Rekening Penempatan', 'Saldo Kas Minimal', 'SALDO KAS MINIMAL', 'OPERASIONAL REKENING PENEMPATAN', 'BUNGA', 'PENATAUSAHAAN DAN PELAPORAN', 'PENUTUP', 'Penggunaan Rekening', 'Penetapan Tingkat Bunga', 'Perhitungan dan Pembayaran Bunga']"
240-pmk.01-2015,240/PMK.01/2015,Jaringan Dokumentasi dan Informasi Hukum di Lingkungan Kementerian Keuangan,2015,240,"['Jaringan Dokumentasi dan Informasi Hukum di lingkungan Kementerian Keuangan', 'Dokumen Hukum Bidang Keuangan dan Kekayaan Negara selanjutnya disebut Dokumen Hukum', 'Pengelolaan Dokumentasi dan Informasi Hukum Bidang Keuangan dan Kekayaan Negara', 'ORGANISASI JARINGAN DOKUMENTASI DAN INFORMASI HUKUM KEMENTERIAN KEUANGAN', 'TUGAS DAN FUNGSI PUSAT JDIH DAN ANGGOTA JDIH', 'ANGGARAN', 'Pengertian', 'Maksud dan Tujuan', 'Pusat JDIH', 'Anggota JDIH', 'Pedoman Pelaksanaan Tugas dan Fungsi', 'Tim Teknis JDIH']"
